title,original_air_date,directed_by,written_by,season,number_in_season,number_in_series,us_viewers_in_millions,imdb_rating
Simpsons Roasting on an Open Fire,1989-12-17,David Silverman,Mimi Pond,1,1,1,26.7,8.1
Bart the Genius,1990-01-14,David Silverman,Jon Vitti,1,2,2,24.5,7.7
Homer's Odyssey,1990-01-21,Wes Archer,Jay Kogen & Wallace Wolodarsky,1,3,3,27.5,7.3
There's No Disgrace Like Home,1990-01-28,Gregg Vanzo & Kent Butterworth,Al Jean & Mike Reiss,1,4,4,20.2,7.7
Bart the General,1990-02-04,David Silverman,John Swartzwelder,1,5,5,27.1,7.9
Moaning Lisa,1990-02-11,Wes Archer,Al Jean & Mike Reiss,1,6,6,27.4,7.6
The Call of the Simpsons,1990-02-18,Wes Archer,John Swartzwelder,1,7,7,27.6,7.7
The Telltale Head,1990-02-25,Rich Moore,"Al Jean, Mike Reiss, Sam Simon & Matt Groening",1,8,8,28.0,7.6
Life on the Fast Lane,1990-03-18,David Silverman,John Swartzwelder,1,9,9,33.5,7.4
Homer's Night Out,1990-03-25,Rich Moore,Jon Vitti,1,10,10,30.3,7.3
The Crepes of Wrath,1990-04-15,Wes Archer & Milton Gray,"George Meyer, Sam Simon, John Swartzwelder & Jon Vitti",1,11,11,31.2,7.7
Krusty Gets Busted,1990-04-29,Brad Bird,Jay Kogen & Wallace Wolodarsky,1,12,12,30.4,8.3
Some Enchanted Evening,1990-05-13,David Silverman & Kent Butterworth,Matt Groening & Sam Simon,1,13,13,27.1,7.7
Bart Gets an 'F',1990-10-11,David Silverman,David M. Stern,2,1,14,33.6,8.2
Simpson and Delilah,1990-10-18,Rich Moore,Jon Vitti,2,2,15,29.9,8.2
Treehouse of Horror,1990-10-25,Wes Archer,John Swartzwelder,2,3,16,27.4,8.2
Two Cars in Every Garage and Three Eyes on Every Fish,1990-11-01,Wes Archer,Sam Simon & John Swartzwelder,2,4,17,26.1,8.0
Dancin' Homer,1990-11-08,Mark Kirkland,Ken Levine & David Isaacs,2,5,18,26.1,7.3
Dead Putting Society,1990-11-15,Rich Moore,Jeff Martin,2,6,19,25.4,7.9
Bart vs. Thanksgiving,1990-11-22,David Silverman,George Meyer,2,7,20,25.9,7.7
Bart the Daredevil,1990-12-06,Wes Archer,Jay Kogen & Wallace Wolodarsky,2,8,21,26.2,8.3
Itchy & Scratchy & Marge,1990-12-20,Jim Reardon,John Swartzwelder,2,9,22,22.2,8.1
Bart Gets Hit by a Car,1991-01-10,Mark Kirkland,John Swartzwelder,2,10,23,24.8,7.7
"One Fish, Two Fish, Blowfish, Blue Fish",1991-01-24,Wes Archer,Nell Scovell,2,11,24,24.2,8.8
The Way We Was,1991-01-31,David Silverman,"Al Jean, Mike Reiss & Sam Simon",2,12,25,26.8,8.2
Homer vs. Lisa and the 8th Commandment,1991-02-07,Rich Moore,Steve Pepoon,2,13,26,26.2,8.0
Principal Charming,1991-02-14,Mark Kirkland,David M. Stern,2,14,27,23.9,7.4
"Oh Brother, Where Art Thou?",1991-02-21,Wes Archer,Jeff Martin,2,15,28,26.8,8.3
Bart's Dog Gets an 'F',1991-03-07,Jim Reardon,Jon Vitti,2,16,29,23.9,7.4
Old Money,1991-03-28,David Silverman,Jay Kogen & Wallace Wolodarsky,2,17,30,21.2,7.6
Brush with Greatness,1991-04-11,Jim Reardon,Brian K. Roberts,2,18,31,20.6,7.9
Lisa's Substitute,1991-04-25,Rich Moore,Jon Vitti,2,19,32,17.7,8.6
The War of the Simpsons,1991-05-02,Mark Kirkland,John Swartzwelder,2,20,33,19.7,7.8
Three Men and a Comic Book,1991-05-09,Wes Archer,Jeff Martin,2,21,34,21.0,8.3
Blood Feud,1991-07-11,David Silverman,George Meyer,2,22,35,17.3,7.8
Stark Raving Dad,1991-09-19,Rich Moore,Al Jean & Mike Reiss,3,1,36,22.9,8.6
Mr. Lisa Goes to Washington,1991-09-26,Wes Archer,George Meyer,3,2,37,20.2,7.7
When Flanders Failed,1991-10-03,Jim Reardon,Jon Vitti,3,3,38,22.8,8.2
Bart the Murderer,1991-10-10,Rich Moore,John Swartzwelder,3,4,39,20.8,8.6
Homer Defined,1991-10-17,Mark Kirkland,Howard Gewirtz,3,5,40,20.6,8.4
"Like Father, Like Clown",1991-10-24,Jeffrey Lynch & Brad Bird,Jay Kogen & Wallace Wolodarsky,3,6,41,20.2,7.6
Treehouse of Horror II,1991-10-31,Jim Reardon,Al Jean & Mike Reiss,3,7,42,20.0,8.2
Lisa's Pony,1991-11-07,Carlos Baeza,Al Jean & Mike Reiss,3,8,43,23.0,7.9
Saturdays of Thunder,1991-11-14,Jim Reardon,Ken Levine & David Isaacs,3,9,44,24.7,7.9
Flaming Moe's,1991-11-21,Rich Moore & Alan Smart,Robert Cohen,3,10,45,23.9,8.8
Burns Verkaufen der Kraftwerk,1991-12-05,Mark Kirkland,Jon Vitti,3,11,46,21.1,8.2
I Married Marge,1991-12-26,Jeffrey Lynch,Jeff Martin,3,12,47,21.9,8.3
Radio Bart,1992-01-09,Carlos Baeza,Jon Vitti,3,13,48,24.2,8.5
Lisa the Greek,1992-01-23,Rich Moore,Jay Kogen & Wallace Wolodarsky,3,14,49,23.2,8.0
Homer Alone,1992-02-06,Mark Kirkland,David M. Stern,3,15,50,23.7,8.0
Bart the Lover,1992-02-13,Carlos Baeza,Jon Vitti,3,16,51,20.5,8.3
Homer at the Bat,1992-02-20,Jim Reardon,John Swartzwelder,3,17,52,24.6,8.7
Separate Vocations,1992-02-27,Jeffrey Lynch,George Meyer,3,18,53,23.7,8.2
Dog of Death,1992-03-12,Jim Reardon,John Swartzwelder,3,19,54,23.4,7.7
Colonel Homer,1992-03-26,Mark Kirkland,Matt Groening,3,20,55,25.5,8.0
Black Widower,1992-04-09,David Silverman,Story by : Thomas Chastain & Sam SimonTeleplay by : Jon Vitti,3,21,56,17.3,8.3
The Otto Show,1992-04-23,Wes Archer,Jeff Martin,3,22,57,17.5,7.7
Bart's Friend Falls in Love,1992-05-07,Jim Reardon,Jay Kogen & Wallace Wolodarsky,3,23,58,19.5,7.7
"Brother, Can You Spare Two Dimes?",1992-08-27,Rich Moore,John Swartzwelder,3,24,59,17.2,8.2
Kamp Krusty,1992-09-24,Mark Kirkland,David M. Stern,4,1,60,21.8,8.5
A Streetcar Named Marge,1992-10-01,Rich Moore,Jeff Martin,4,2,61,18.3,8.1
Homer the Heretic,1992-10-08,Jim Reardon,George Meyer,4,3,62,19.3,8.9
Lisa the Beauty Queen,1992-10-15,Mark Kirkland,Jeff Martin,4,4,63,19.0,7.7
Treehouse of Horror III,1992-10-29,Carlos Baeza,Al Jean & Mike Reiss,4,5,64,25.1,8.4
Itchy & Scratchy: The Movie,1992-11-03,Rich Moore,John Swartzwelder,4,6,65,20.1,8.2
Marge Gets a Job,1992-11-05,Jeffrey Lynch,Bill Oakley & Josh Weinstein,4,7,66,22.9,7.8
New Kid on the Block,1992-11-12,Wes Archer,Conan O'Brien,4,8,67,23.1,8.2
Mr. Plow,1992-11-19,Jim Reardon,Jon Vitti,4,9,68,24.0,8.8
Lisa's First Word,1992-12-03,Mark Kirkland,Jeff Martin,4,10,69,28.6,8.7
Homer's Triple Bypass,1992-12-17,David Silverman,Gary Apple & Michael Carrington,4,11,70,23.6,8.6
Marge vs. the Monorail,1993-01-14,Rich Moore,Conan O'Brien,4,12,71,23.0,9.1
Selma's Choice,1993-01-21,Carlos Baeza,David M. Stern,4,13,72,24.5,8.0
Brother from the Same Planet,1993-02-04,Jeffrey Lynch,Jon Vitti,4,14,73,23.8,8.1
I Love Lisa,1993-02-11,Wes Archer,Frank Mula,4,15,74,25.2,8.4
Duffless,1993-02-18,Jim Reardon,David M. Stern,4,16,75,25.7,8.3
Last Exit to Springfield,1993-03-11,Mark Kirkland,Jay Kogen & Wallace Wolodarsky,4,17,76,22.4,9.0
So It's Come to This: A Simpsons Clip Show,1993-04-01,Carlos Baeza,Jon Vitti,4,18,77,25.5,7.0
The Front,1993-04-15,Rich Moore,Adam I. Lapidus,4,19,78,20.1,8.1
Whacking Day,1993-04-29,Jeffrey Lynch,John Swartzwelder,4,20,79,20.0,8.1
Marge in Chains,1993-05-06,Jim Reardon,Bill Oakley & Josh Weinstein,4,21,80,17.3,7.7
Krusty Gets Kancelled,1993-05-13,David Silverman,John Swartzwelder,4,22,81,19.4,8.1
Homer's Barbershop Quartet,1993-09-30,Mark Kirkland,Jeff Martin,5,1,82,19.9,8.5
Cape Feare,1993-10-07,Rich Moore,Jon Vitti,5,2,83,20.0,9.2
Homer Goes to College,1993-10-14,Jim Reardon,Conan O'Brien,5,3,84,18.1,8.6
Rosebud,1993-10-21,Wes Archer,John Swartzwelder,5,4,85,19.5,8.8
Treehouse of Horror IV,1993-10-28,David Silverman,Conan O'Brien (wraparounds),5,5,86,24.0,8.8
Marge on the Lam,1993-11-04,Mark Kirkland,Bill Canterbury,5,6,87,21.7,8.0
Bart's Inner Child,1993-11-11,Bob Anderson,George Meyer,5,7,88,18.7,7.6
Boy-Scoutz 'n the Hood,1993-11-18,Jeffrey Lynch,Dan McGrath,5,8,89,20.1,8.6
The Last Temptation of Homer,1993-12-09,Carlos Baeza,Frank Mula,5,9,90,20.6,8.5
"$pringfield (or, How I Learned to Stop Worrying and Love Legalized Gambling)",1993-12-16,Wes Archer,Bill Oakley & Josh Weinstein,5,10,91,17.9,8.6
Homer the Vigilante,1994-01-06,Jim Reardon,John Swartzwelder,5,11,92,20.1,8.2
Bart Gets Famous,1994-02-03,Susie Dietter,John Swartzwelder,5,12,93,20.0,8.1
Homer and Apu,1994-02-10,Mark Kirkland,Greg Daniels,5,13,94,21.8,8.2
Lisa vs. Malibu Stacy,1994-02-17,Jeffrey Lynch,Bill Oakley & Josh Weinstein,5,14,95,19.9,8.1
Deep Space Homer,1994-02-24,Carlos Baeza,David Mirkin,5,15,96,18.2,8.8
Homer Loves Flanders,1994-03-17,Wes Archer,David Richardson,5,16,97,18.0,8.5
Bart Gets an Elephant,1994-03-31,Jim Reardon,John Swartzwelder,5,17,98,17.0,7.8
Burns' Heir,1994-04-14,Mark Kirkland,Jace Richdale,5,18,99,14.7,8.3
Sweet Seymour Skinner's Baadasssss Song,1994-04-28,Bob Anderson,Bill Oakley & Josh Weinstein,5,19,100,19.7,8.3
The Boy Who Knew Too Much,1994-05-05,Jeffrey Lynch,John Swartzwelder,5,20,101,15.5,8.3
Lady Bouvier's Lover,1994-05-12,Wes Archer,Bill Oakley & Josh Weinstein,5,21,102,15.1,7.5
Secrets of a Successful Marriage,1994-05-19,Carlos Baeza,Greg Daniels,5,22,103,15.6,8.0
Bart of Darkness,1994-09-04,Jim Reardon,Dan McGrath,6,1,104,15.1,8.7
Lisa's Rival,1994-09-11,Mark Kirkland,Mike Scully,6,2,105,16.7,8.1
Another Simpsons Clip Show,1994-09-25,David Silverman,Jon Vitti,6,3,106,13.5,5.8
Itchy & Scratchy Land,1994-10-02,Wes Archer,John Swartzwelder,6,4,107,14.8,8.6
Sideshow Bob Roberts,1994-10-09,Mark Kirkland,Bill Oakley & Josh Weinstein,6,5,108,14.4,8.2
Treehouse of Horror V,1994-10-30,Jim Reardon,Bob Kushell,6,6,109,22.2,9.2
Bart's Girlfriend,1994-11-06,Susie Dietter,Jonathan Collier,6,7,110,15.3,8.0
Lisa on Ice,1994-11-13,Bob Anderson,Mike Scully,6,8,111,17.9,8.6
Homer Badman,1994-11-27,Jeff Lynch,Greg Daniels,6,9,112,15.5,8.9
Grampa vs. Sexual Inadequacy,1994-12-04,Wes Archer,Bill Oakley & Josh Weinstein,6,10,113,14.1,8.0
Fear of Flying,1994-12-18,Mark Kirkland,David Sacks,6,11,114,15.6,7.7
Homer the Great,1995-01-08,Jim Reardon,John Swartzwelder,6,12,115,20.1,9.0
And Maggie Makes Three,1995-01-22,Swinton O. Scott III,Jennifer Crittenden,6,13,116,17.3,8.8
Bart's Comet,1995-02-05,Bob Anderson,John Swartzwelder,6,14,117,18.7,8.6
Homie the Clown,1995-02-12,David Silverman,John Swartzwelder,6,15,118,17.5,8.6
Bart vs. Australia,1995-02-19,Wes Archer,Bill Oakley & Josh Weinstein,6,16,119,15.1,8.5
Homer vs. Patty and Selma,1995-02-26,Mark Kirkland,Brent Forrester,6,17,120,18.9,7.8
A Star Is Burns,1995-03-05,Susie Dietter,Ken Keeler,6,18,121,14.4,8.5
Lisa's Wedding,1995-03-19,Jim Reardon,Greg Daniels,6,19,122,14.9,8.3
Two Dozen and One Greyhounds,1995-04-09,Bob Anderson,Mike Scully,6,20,123,11.6,8.1
The PTA Disbands,1995-04-16,Swinton O. Scott III,Jennifer Crittenden,6,21,124,11.8,8.0
'Round Springfield,1995-04-30,Steven Dean Moore,Story by : Al Jean & Mike ReissTeleplay by : Joshua Sternin & Jennifer Ventimilia,6,22,125,12.6,8.1
The Springfield Connection,1995-05-07,Mark Kirkland,Jonathan Collier,6,23,126,12.7,8.2
Lemon of Troy,1995-05-14,Jim Reardon,Brent Forrester,6,24,127,13.1,8.7
Who Shot Mr. Burns? - Part I,1995-05-21,Jeffrey Lynch,Bill Oakley & Josh Weinstein,6,25,128,15.0,9.2
Who Shot Mr. Burns? - Part II,1995-09-17,Wes Archer,Bill Oakley & Josh Weinstein,7,1,129,22.6,9.0
Radioactive Man,1995-09-24,Susie Dietter,John Swartzwelder,7,2,130,15.7,8.3
Home Sweet Homediddly-Dum-Doodily,1995-10-01,Susie Dietter,Jon Vitti,7,3,131,14.5,8.4
Bart Sells His Soul,1995-10-08,Wes Archer,Greg Daniels,7,4,132,14.8,8.8
Lisa the Vegetarian,1995-10-15,Mark Kirkland,David X. Cohen,7,5,133,14.6,8.5
Treehouse of Horror VI,1995-10-29,Bob Anderson,John Swartzwelder,7,6,134,19.7,8.6
King-Size Homer,1995-11-05,Jim Reardon,Dan Greaney,7,7,135,17.0,9.0
Mother Simpson,1995-11-19,David Silverman,Richard Appel,7,8,136,15.3,8.7
Sideshow Bob's Last Gleaming,1995-11-26,Dominic Polcino,Spike Feresten,7,9,137,14.2,8.0
The Simpsons 138th Episode Spectacular,1995-12-03,David Silverman,Jon Vitti,7,10,138,16.4,7.4
Marge Be Not Proud,1995-12-17,Steven Dean Moore,Mike Scully,7,11,139,16.7,8.5
Team Homer,1996-01-07,Mark Kirkland,Mike Scully,7,12,140,16.7,8.3
Two Bad Neighbors,1996-01-14,Wes Archer,Ken Keeler,7,13,141,16.5,8.5
Scenes from the Class Struggle in Springfield,1996-02-04,Susie Dietter,Jennifer Crittenden,7,14,142,14.4,7.7
Bart the Fink,1996-02-11,Jim Reardon,Story by : Bob KushellTeleplay by : John Swartzwelder,7,15,143,15.0,7.6
Lisa the Iconoclast,1996-02-18,Mike B. Anderson,Jonathan Collier,7,16,144,13.4,8.1
Homer the Smithers,1996-02-25,Steven Dean Moore,John Swartzwelder,7,17,145,14.1,8.8
The Day the Violence Died,1996-03-17,Wes Archer,John Swartzwelder,7,18,146,14.4,8.0
A Fish Called Selma,1996-03-24,Mark Kirkland,Jack Barth,7,19,147,12.9,8.2
Bart on the Road,1996-03-31,Swinton O. Scott III,Richard Appel,7,20,148,11.8,8.6
22 Short Films About Springfield,1996-04-14,Jim Reardon,"Richard Appel, David X. Cohen, Jonathan Collier, Jennifer Crittenden, Greg Daniels, Brent Forrester, Rachel Pulido, Steve Tompkins, Bill Oakley, Josh Weinstein & Matt Groening",7,21,149,10.5,8.9
Raging Abe Simpson and His Grumbling Grandson in 'The Curse of the Flying Hellfish',1996-04-28,Jeffrey Lynch,Jonathan Collier,7,22,150,13.0,8.5
Much Apu About Nothing,1996-05-05,Susie Dietter,David X. Cohen,7,23,151,11.3,8.1
Homerpalooza,1996-05-19,Wes Archer,Brent Forrester,7,24,152,12.9,7.9
Summer of 4 Ft. 2,1996-05-19,Mark Kirkland,Dan Greaney,7,25,153,14.7,8.4
Treehouse of Horror VII,1996-10-27,Mike B. Anderson,Ken Keeler,8,1,154,18.3,8.4
You Only Move Twice,1996-11-03,Mike B. Anderson,John Swartzwelder,8,2,155,13.9,9.2
The Homer They Fall,1996-11-10,Mark Kirkland,Jonathan Collier,8,3,156,17.0,8.1
"Burns, Baby Burns",1996-11-17,Jim Reardon,Ian Maxtone-Graham,8,4,157,12.6,7.6
Bart After Dark,1996-11-24,Dominic Polcino,Richard Appel,8,5,158,14.1,8.3
A Milhouse Divided,1996-12-01,Steven Dean Moore,Steve Tompkins,8,6,159,12.8,8.0
Lisa's Date with Density,1996-12-15,Susie Dietter,Mike Scully,8,7,160,12.2,7.8
Hurricane Neddy,1996-12-29,Bob Anderson,Steve Young,8,8,161,14.4,8.7
El Viaje Misterioso de Nuestro Jomer (The Mysterious Voyage of Homer),1997-01-05,Jim Reardon,Ken Keeler,8,9,162,14.85,8.6
The Springfield Files,1997-01-12,Steven Dean Moore,Reid Harrison,8,10,163,20.41,9.0
The Twisted World of Marge Simpson,1997-01-19,Chuck Sheetz,Jennifer Crittenden,8,11,164,13.98,7.7
Mountain of Madness,1997-02-02,Mark Kirkland,John Swartzwelder,8,12,165,17.49,8.5
Simpsoncalifragilisticexpiala(Annoyed Grunt)cious,1997-02-07,Chuck Sheetz,Al Jean & Mike Reiss,8,13,166,9.1,7.6
The Itchy & Scratchy & Poochie Show,1997-02-09,Steven Dean Moore,David X. Cohen,8,14,167,15.67,7.9
Homer's Phobia,1997-02-16,Mike B. Anderson,Ron Hauge,8,15,168,15.26,8.8
Brother from Another Series,1997-02-23,Pete Michels,Ken Keeler,8,16,169,15.07,8.2
"My Sister, My Sitter",1997-03-02,Jim Reardon,Dan Greaney,8,17,170,15.1,7.9
Homer vs. the Eighteenth Amendment,1997-03-16,Bob Anderson,John Swartzwelder,8,18,171,14.6,8.8
Grade School Confidential,1997-04-06,Susie Dietter,Rachel Pulido,8,19,172,13.27,8.2
The Canine Mutiny,1997-04-13,Dominic Polcino,Ron Hauge,8,20,173,13.25,7.6
The Old Man and the Lisa,1997-04-20,Mark Kirkland,John Swartzwelder,8,21,174,13.97,7.9
In Marge We Trust,1997-04-27,Steven Dean Moore,Donick Cary,8,22,175,16.93,8.1
Homer's Enemy,1997-05-04,Jim Reardon,John Swartzwelder,8,23,176,11.8,9.3
The Simpsons Spin-Off Showcase,1997-05-11,Neil Affleck,Story by : Ken KeelerTeleplay by : David X. Cohen,8,24,177,11.57,7.1
The Secret War of Lisa Simpson,1997-05-18,Mike B. Anderson,Richard Appel,8,25,178,12.69,7.8
The City of New York vs. Homer Simpson,1997-09-21,Jim Reardon,Ian Maxtone-Graham,9,1,179,17.5,9.0
The Principal and the Pauper,1997-09-28,Steven Dean Moore,Ken Keeler,9,2,180,14.9,6.9
Lisa's Sax,1997-10-19,Dominic Polcino,Al Jean,9,3,181,12.9,8.1
Treehouse of Horror VIII,1997-10-26,Mark Kirkland,Mike Scully,9,4,182,17.9,8.2
The Cartridge Family,1997-11-02,Pete Michels,John Swartzwelder,9,5,183,17.3,8.2
Bart Star,1997-11-09,Dominic Polcino,Donick Cary,9,6,184,17.6,7.7
The Two Mrs. Nahasapeemapetilons,1997-11-16,Steven Dean Moore,Richard Appel,9,7,185,19.8,7.7
Lisa the Skeptic,1997-11-23,Neil Affleck,David X. Cohen,9,8,186,16.0,8.1
Realty Bites,1997-12-07,Swinton O. Scott III,Dan Greaney,9,9,187,17.7,7.6
Miracle on Evergreen Terrace,1997-12-21,Bob Anderson,Ron Hauge,9,10,188,16.2,7.6
"All Singing, All Dancing",1998-01-04,Mark Ervin,Steve O'Donnell,9,11,189,15.9,5.0
Bart Carny,1998-01-11,Mark Kirkland,John Swartzwelder,9,12,190,19.2,7.6
The Joy of Sect,1998-02-08,Steven Dean Moore,Steve O'Donnell,9,13,191,16.2,8.3
Das Bus,1998-02-15,Pete Michels,David X. Cohen,9,14,192,16.6,8.2
The Last Temptation of Krust,1998-02-22,Mike B. Anderson,Donick Cary,9,15,193,16.5,7.4
Dumbbell Indemnity,1998-03-01,Dominic Polcino,Ron Hauge,9,16,194,17.4,7.6
Lisa the Simpson,1998-03-08,Susie Dietter,Ned Goldreyer,9,17,195,17.8,8.0
This Little Wiggy,1998-03-22,Neil Affleck,Dan Greaney,9,18,196,15.0,7.8
Simpson Tide,1998-03-29,Mike B. Anderson,Joshua Sternin & Jennifer Ventimilia,9,19,197,14.8,8.1
The Trouble with Trillions,1998-04-05,Swinton O. Scott III,Ian Maxtone-Graham,9,20,198,11.4,7.8
Girly Edition,1998-04-19,Mark Kirkland,Larry Doyle,9,21,199,13.5,7.8
Trash of the Titans,1998-04-26,Jim Reardon,Ian Maxtone-Graham,9,22,200,17.4,8.4
King of the Hill,1998-05-03,Steven Dean Moore,John Swartzwelder,9,23,201,14.8,8.2
Lost Our Lisa,1998-05-10,Pete Michels,Brian Scully,9,24,202,12.9,7.7
Natural Born Kissers,1998-05-17,Klay Hall,Matt Selman,9,25,203,14.1,8.0
Lard of the Dance,1998-08-23,Dominic Polcino,Jane O'Brien,10,1,204,11.84,7.6
The Wizard of Evergreen Terrace,1998-09-20,Mark Kirkland,John Swartzwelder,10,2,205,13.9,8.1
Bart the Mother,1998-09-27,Steven Dean Moore,David X. Cohen,10,3,206,11.94,7.5
Treehouse of Horror IX,1998-10-25,Steven Dean Moore,Donick Cary,10,4,207,15.12,8.0
When You Dish Upon a Star,1998-11-08,Pete Michels,Richard Appel,10,5,208,15.34,7.2
D'oh-in' in the Wind,1998-11-15,Mark Kirkland & Matthew Nastuk,Donick Cary,10,6,209,13.94,7.5
Lisa Gets an 'A',1998-11-22,Bob Anderson,Ian Maxtone-Graham,10,7,210,13.61,8.1
Homer Simpson in: 'Kidney Trouble',1998-12-06,Mike B. Anderson,John Swartzwelder,10,8,211,12.38,7.2
Mayored to the Mob,1998-12-20,Swinton O. Scott III,Ron Hauge,10,9,212,13.9,8.1
Viva Ned Flanders,1999-01-10,Neil Affleck,David M. Stern,10,10,213,19.68,7.8
Wild Barts Can't Be Broken,1999-01-17,Mark Ervin,Larry Doyle,10,11,214,15.21,7.7
"Sunday, Cruddy Sunday",1999-01-31,Steven Dean Moore,"Tom Martin, George Meyer, Brian Scully & Mike Scully",10,12,215,19.11,7.0
Homer to the Max,1999-02-07,Pete Michels,John Swartzwelder,10,13,216,13.98,7.7
I'm with Cupid,1999-02-14,Bob Anderson,Dan Greaney,10,14,217,12.35,7.3
Marge Simpson in: 'Screaming Yellow Honkers',1999-02-21,Mark Kirkland,David M. Stern,10,15,218,14.64,7.3
Make Room for Lisa,1999-02-28,Matthew Nastuk,Brian Scully,10,16,219,12.4,7.5
Maximum Homerdrive,1999-03-28,Swinton O. Scott III,John Swartzwelder,10,17,220,15.51,7.7
Simpsons Bible Stories,1999-04-04,Nancy Kruse,Tim Long,10,18,221,12.86,7.3
Mom and Pop Art,1999-04-11,Steven Dean Moore,Al Jean,10,19,222,14.13,7.6
The Old Man and the 'C' Student,1999-04-25,Mark Kirkland,Julie Thacker,10,20,223,11.16,7.3
Monty Can't Buy Me Love,1999-05-02,Mark Ervin,John Swartzwelder,10,21,224,12.59,7.1
They Saved Lisa's Brain,1999-05-09,Pete Michels,Matt Selman,10,22,225,10.45,7.3
Thirty Minutes over Tokyo,1999-05-16,Jim Reardon,Donick Cary & Dan Greaney,10,23,226,12.51,8.0
Beyond Blunderdome,1999-09-26,Steven Dean Moore,Mike Scully,11,1,227,8.1,7.3
Brother's Little Helper,1999-10-03,Mark Kirkland,George Meyer,11,2,228,7.1,7.5
Guess Who's Coming to Criticize Dinner?,1999-10-24,Nancy Kruse,Al Jean,11,3,229,6.7,7.5
Treehouse of Horror X,1999-10-31,Pete Michels,Donick Cary,11,4,230,8.7,7.8
E-I-E-I-(Annoyed Grunt),1999-11-07,Bob Anderson,Ian Maxtone-Graham,11,5,231,8.4,7.8
"Hello Gutter, Hello Fadder",1999-11-14,Mike B. Anderson,Al Jean,11,6,232,9.2,7.3
Eight Misbehavin',1999-11-21,Steven Dean Moore,Matt Selman,11,7,233,9.2,7.0
"Take My Wife, Sleaze",1999-11-28,Neil Affleck,John Swartzwelder,11,8,234,8.9,7.1
Grift of the Magi,1999-12-19,Matthew Nastuk,Tom Martin,11,9,235,7.76,7.3
Little Big Mom,2000-01-09,Mark Kirkland,Carolyn Omine,11,10,236,10.0,7.4
Faith Off,2000-01-16,Nancy Kruse,Frank Mula,11,11,237,10.4,6.8
The Mansion Family,2000-01-23,Mike Frank Polcino,John Swartzwelder,11,12,238,11.3,7.3
Saddlesore Galactica,2000-02-06,Lance Kramer,Tim Long,11,13,239,9.6,6.5
"Alone Again, Natura-Diddily",2000-02-13,Jim Reardon,Ian Maxtone-Graham,11,14,240,10.8,7.7
Missionary: Impossible,2000-02-20,Steven Dean Moore,Ron Hauge,11,15,241,9.8,7.3
Pygmoelian,2000-02-27,Mark Kirkland,Larry Doyle,11,16,242,9.4,7.3
Bart to the Future,2000-03-19,Michael Marcantel,Dan Greaney,11,17,243,8.77,7.1
Days of Wine and D'oh'ses,2000-04-09,Neil Affleck,Dan Castellaneta & Deb Lacusta,11,18,244,8.3,7.4
Kill the Alligator and Run,2000-04-30,Jen Kamerman,John Swartzwelder,11,19,245,7.46,6.6
Last Tap Dance in Springfield,2000-05-07,Nancy Kruse,Julie Thacker,11,20,246,7.3,7.1
"It's a Mad, Mad, Mad, Mad Marge",2000-05-14,Steven Dean Moore,Larry Doyle,11,21,247,7.5,7.1
Behind the Laughter,2000-05-21,Mark Kirkland,"Tim Long, George Meyer, Mike Scully & Matt Selman",11,22,248,8.3,7.9
Treehouse of Horror XI,2000-11-01,Matthew Nastuk,Rob LaZebnik,12,1,249,13.23,7.6
A Tale of Two Springfields,2000-11-05,Shaun Cashman,John Swartzwelder,12,2,250,16.18,7.4
Insane Clown Poppy,2000-11-12,Bob Anderson,John Frink & Don Payne,12,3,251,16.44,7.0
Lisa the Tree Hugger,2000-11-19,Steven Dean Moore,Matt Selman,12,4,252,14.87,7.1
Homer vs. Dignity,2000-11-26,Neil Affleck,Rob LaZebnik,12,5,253,14.99,7.0
The Computer Wore Menace Shoes,2000-12-03,Mark Kirkland,John Swartzwelder,12,6,254,15.6,7.7
The Great Money Caper,2000-12-10,Mike Frank Polcino,Carolyn Omine,12,7,255,16.84,7.2
Skinner's Sense of Snow,2000-12-17,Lance Kramer,Tim Long,12,8,256,15.87,7.9
HOMR,2001-01-07,Mike B. Anderson,Al Jean,12,9,257,18.52,8.1
Pokey Mom,2001-01-14,Bob Anderson,Tom Martin,12,10,258,15.01,7.1
Worst Episode Ever,2001-02-04,Matthew Nastuk,Larry Doyle,12,11,259,18.5,7.4
Tennis the Menace,2001-02-11,Jen Kamerman,Ian Maxtone-Graham,12,12,260,13.98,6.8
Day of the Jackanapes,2001-02-18,Michael Marcantel,Al Jean,12,13,261,15.39,7.1
New Kids on the Blecch,2001-02-25,Steven Dean Moore,Tim Long,12,14,262,18.12,7.2
"Hungry, Hungry Homer",2001-03-04,Nancy Kruse,John Swartzwelder,12,15,263,17.55,7.5
Bye Bye Nerdie,2001-03-11,Lauren MacMullan,John Frink & Don Payne,12,16,264,16.11,6.7
Simpson Safari,2001-04-01,Mark Kirkland,John Swartzwelder,12,17,265,13.28,6.8
Trilogy of Error,2001-04-29,Mike B. Anderson,Matt Selman,12,18,266,14.41,8.6
I'm Goin' to Praiseland,2001-05-06,Chuck Sheetz,Julie Thacker,12,19,267,13.06,7.2
Children of a Lesser Clod,2001-05-13,Mike Frank Polcino,Al Jean,12,20,268,13.81,7.2
Simpsons Tall Tales,2001-05-20,Bob Anderson,John Frink & Don Payne,12,21,269,13.43,6.9
Treehouse of Horror XII,2001-11-06,Jim Reardon,Joel H. Cohen,13,1,270,13.04,7.6
The Parent Rap,2001-11-11,Mark Kirkland,George Meyer & Mike Scully,13,2,271,14.91,7.1
Homer the Moe,2001-11-18,Jen Kamerman,Dana Gould,13,3,272,14.44,7.1
A Hunka Hunka Burns in Love,2001-12-02,Lance Kramer,John Swartzwelder,13,4,273,13.38,7.1
The Blunder Years,2001-12-09,Steven Dean Moore,Ian Maxtone-Graham,13,5,274,12.93,7.6
She of Little Faith,2001-12-16,Steven Dean Moore,Bill Freiberger,13,6,275,13.18,7.1
Brawl in the Family,2002-01-06,Matthew Nastuk,Joel H. Cohen,13,7,276,11.83,6.8
Sweets and Sour Marge,2002-01-20,Mark Kirkland,Carolyn Omine,13,8,277,12.27,6.9
Jaws Wired Shut,2002-01-27,Nancy Kruse,Matt Selman,13,9,278,14.24,7.3
Half-Decent Proposal,2002-02-10,Lauren MacMullan,Tim Long,13,10,279,13.23,7.3
The Bart Wants What It Wants,2002-02-17,Mike Frank Polcino,John Frink & Don Payne,13,11,280,11.17,7.0
The Lastest Gun in the West,2002-02-24,Bob Anderson,John Swartzwelder,13,12,281,13.17,6.5
The Old Man and the Key,2002-03-10,Lance Kramer,Jon Vitti,13,13,282,14.46,6.5
Tales from the Public Domain,2002-03-17,Mike B. Anderson,Andrew Kreisberg,13,14,283,11.69,7.2
Blame It on Lisa,2002-03-31,Steven Dean Moore,Bob Bendetson,13,15,284,11.12,7.0
Weekend at Burnsie's,2002-04-07,Michael Marcantel,Jon Vitti,13,16,285,12.49,7.7
Gump Roast,2002-04-21,Mark Kirkland,Deb Lacusta & Dan Castellaneta,13,17,286,12.26,5.4
I Am Furious (Yellow),2002-04-28,Chuck Sheetz,John Swartzwelder,13,18,287,13.38,7.7
The Sweetest Apu,2002-05-05,Matthew Nastuk,John Swartzwelder,13,19,288,11.83,6.8
Little Girl in the Big Ten,2002-05-12,Lauren MacMullan,Jon Vitti,13,20,289,11.23,7.1
The Frying Game,2002-05-19,Mike Frank Polcino,John Swartzwelder,13,21,290,10.79,7.0
Poppa's Got a Brand New Badge,2002-05-22,Pete Michels,Dana Gould,13,22,291,8.18,7.8
Treehouse of Horror XIII,2002-11-03,David Silverman,Marc Wilmore,14,1,292,16.7,7.6
How I Spent My Strummer Vacation,2002-11-10,Mike B. Anderson,Mike Scully,14,2,293,12.5,7.4
Bart vs. Lisa vs. the Third Grade,2002-11-17,Steven Dean Moore,Tim Long,14,3,294,13.3,7.1
Large Marge,2002-11-24,Jim Reardon,Ian Maxtone-Graham,14,4,295,17.4,7.1
Helter Shelter,2002-12-01,Mark Kirkland,Brian Pollack & Mert Rich,14,5,296,15.1,6.7
The Great Louse Detective,2002-12-15,Steven Dean Moore,John Frink & Don Payne,14,6,297,15.5,7.3
Special Edna,2003-01-05,Bob Anderson,Dennis Snee,14,7,298,15.0,7.0
The Dad Who Knew Too Little,2003-01-12,Mark Kirkland,Matt Selman,14,8,299,12.8,7.3
The Strong Arms of the Ma,2003-02-02,Pete Michels,Carolyn Omine,14,9,300,15.4,6.8
Pray Anything,2003-02-09,Mike Frank Polcino,Sam O'Neal & Neal Boushell,14,10,301,13.4,6.7
Barting Over,2003-02-16,Matthew Nastuk,Andrew Kreisberg,14,11,302,21.3,6.7
I'm Spelling as Fast as I Can,2003-02-16,Nancy Kruse,Kevin Curran,14,12,303,22.1,7.2
A Star Is Born Again,2003-03-02,Michael Marcantel,Brian Kelley,14,13,304,14.4,6.9
Mr. Spritz Goes to Washington,2003-03-09,Lance Kramer,John Swartzwelder,14,14,305,14.4,6.8
C.E.D'oh,2003-03-16,Mike B. Anderson,Dana Gould,14,15,306,13.0,7.1
'Scuse Me While I Miss the Sky,2003-03-30,Steven Dean Moore,Dan Greaney & Allen Glazier,14,16,307,12.6,7.1
Three Gays of the Condo,2003-04-13,Mark Kirkland,Matt Warburton,14,17,308,12.02,7.2
"Dude, Where's My Ranch?",2003-04-27,Chris Clements,Ian Maxtone-Graham,14,18,309,11.71,6.9
Old Yeller-Belly,2003-05-04,Bob Anderson,John Frink & Don Payne,14,19,310,11.59,6.6
"Brake My Wife, Please",2003-05-11,Pete Michels,Tim Long,14,20,311,10.56,6.7
The Bart of War,2003-05-18,Mike Frank Polcino,Marc Wilmore,14,21,312,12.1,6.6
Moe Baby Blues,2003-05-18,Lauren MacMullan,J. Stewart Burns,14,22,313,13.44,7.6
Treehouse of Horror XIV,2003-11-02,Steven Dean Moore,John Swartzwelder,15,1,314,16.22,7.5
My Mother the Carjacker,2003-11-09,Nancy Kruse,Michael Price,15,2,315,12.4,7.2
The President Wore Pearls,2003-11-16,Mike B. Anderson,Dana Gould,15,3,316,12.7,6.9
The Regina Monologues,2003-11-23,Mark Kirkland,John Swartzwelder,15,4,317,12.2,7.0
The Fat and the Furriest,2003-11-30,Matthew Nastuk,Joel H. Cohen,15,5,318,11.7,7.1
Today I Am a Clown,2003-12-07,Nancy Kruse,Joel H. Cohen,15,6,319,10.5,6.4
'Tis the Fifteenth Season,2003-12-14,Steven Dean Moore,Michael Price,15,7,320,11.3,7.0
"Marge vs. Singles, Seniors, Childless Couples and Teens, and Gays",2004-01-04,Bob Anderson,Jon Vitti,15,8,321,12.0,6.6
"I, (Annoyed Grunt)-bot",2004-01-11,Lauren MacMullan,Dan Greaney & Allen Glazier,15,9,322,16.3,7.3
Diatribe of a Mad Housewife,2004-01-25,Mark Kirkland,Robin J. Stein,15,10,323,10.6,7.2
Margical History Tour,2004-02-08,Mike B. Anderson,Brian Kelley,15,11,324,8.9,7.1
Milhouse Doesn't Live Here Anymore,2004-02-15,Matthew Nastuk,Julie Chambers & David Chambers,15,12,325,9.4,7.2
Smart & Smarter,2004-02-22,Steven Dean Moore,Carolyn Omine,15,13,326,12.6,7.1
The Ziff Who Came to Dinner,2004-03-14,Nancy Kruse,Deb Lacusta & Dan Castellaneta,15,14,327,10.7,6.7
Co-Dependents' Day,2004-03-21,Bob Anderson,Matt Warburton,15,15,328,11.2,6.7
The Wandering Juvie,2004-03-28,Lauren MacMullan,John Frink & Don Payne,15,16,329,10.5,7.0
My Big Fat Geek Wedding,2004-04-18,Mark Kirkland,Kevin Curran,15,17,330,9.2,6.6
Catch 'Em If You Can,2004-04-25,Matthew Nastuk,Ian Maxtone-Graham,15,18,331,9.3,7.1
Simple Simpson,2004-05-02,Jim Reardon,Jon Vitti,15,19,332,9.5,7.3
The Way We Weren't,2004-05-09,Mike B. Anderson,J. Stewart Burns,15,20,333,6.6,7.2
Bart-Mangled Banner,2004-05-16,Steven Dean Moore,John Frink,15,21,334,8.7,6.3
Fraudcast News,2004-05-23,Bob Anderson,Don Payne,15,22,335,9.2,7.2
Treehouse of Horror XV,2004-11-07,David Silverman,Bill Odenkirk,16,1,336,11.29,7.4
All's Fair in Oven War,2004-11-14,Mark Kirkland,Matt Selman,16,2,337,11.64,6.9
Sleeping with the Enemy,2004-11-21,Lauren MacMullan,Jon Vitti,16,3,338,9.95,7.1
She Used to Be My Girl,2004-12-05,Matthew Nastuk,Tim Long,16,4,339,10.81,6.5
Fat Man and Little Boy,2004-12-12,Mike B. Anderson,Joel H. Cohen,16,5,340,10.31,7.0
Midnight Rx,2005-01-16,Nancy Kruse,Marc Wilmore,16,6,341,8.11,7.1
Mommie Beerest,2005-01-30,Mark Kirkland,Michael Price,16,7,342,9.97,6.8
Homer and Ned's Hail Mary Pass,2005-02-06,Steven Dean Moore,Tim Long,16,8,343,23.07,6.3
Pranksta Rap,2005-02-13,Mike B. Anderson,Matt Selman,16,9,344,8.01,6.6
There's Something About Marrying,2005-02-20,Nancy Kruse,J. Stewart Burns,16,10,345,10.39,6.9
On a Clear Day I Can't See My Sister,2005-03-06,Bob Anderson,Jeff Westbrook,16,11,346,10.39,6.7
Goo Goo Gai Pan,2005-03-13,Lance Kramer,Dana Gould,16,12,347,10.28,6.9
Mobile Homer,2005-03-20,Raymond S. Persi,Tim Long,16,13,348,8.49,6.8
The Seven-Beer Snitch,2005-04-03,Matthew Nastuk,Bill Odenkirk,16,14,349,7.48,6.8
Future-Drama,2005-04-17,Mike B. Anderson,Matt Selman,16,15,350,8.31,7.3
Don't Fear the Roofer,2005-05-01,Mark Kirkland,Kevin Curran,16,16,351,11.92,7.4
The Heartbroke Kid,2005-05-01,Steven Dean Moore,Ian Maxtone-Graham,16,17,352,10.79,7.1
A Star Is Torn,2005-05-08,Nancy Kruse,Carolyn Omine,16,18,353,8.72,6.7
"Thank God, It's Doomsday",2005-05-08,Michael Marcantel,Don Payne,16,19,354,10.05,7.2
Home Away from Homer,2005-05-15,Bob Anderson,Joel H. Cohen,16,20,355,8.17,7.1
"The Father, the Son, and the Holy Guest Star",2005-05-15,Mike Frank Polcino,Matt Warburton,16,21,356,9.69,7.3
The Bonfire of the Manatees,2005-09-11,Mark Kirkland,Dan Greaney,17,1,357,11.1,6.2
The Girl Who Slept Too Little,2005-09-18,Raymond S. Persi,John Frink,17,2,358,9.79,6.8
Milhouse of Sand and Fog,2005-09-25,Steven Dean Moore,Patric M. Verrone,17,3,359,10.19,6.9
Treehouse of Horror XVI,2005-11-06,David Silverman,Marc Wilmore,17,4,360,11.63,7.3
Marge's Son Poisoning,2005-11-13,Mike B. Anderson,Daniel Chun,17,5,361,11.4,6.9
See Homer Run,2005-11-20,Nancy Kruse,Stephanie Gillis,17,6,362,10.3,6.8
The Last of the Red Hat Mamas,2005-11-27,Matthew Nastuk,Joel H. Cohen,17,7,363,11.46,6.6
The Italian Bob,2005-12-11,Mark Kirkland,John Frink,17,8,364,10.39,7.1
Simpsons Christmas Stories,2005-12-18,Steven Dean Moore,Don Payne,17,9,365,9.8,6.8
Homer's Paternity Coot,2006-01-08,Mike B. Anderson,Joel H. Cohen,17,10,366,10.1,6.6
We're on the Road to D'ohwhere,2006-01-29,Nancy Kruse,Kevin Curran,17,11,367,9.04,6.9
My Fair Laddy,2006-02-26,Bob Anderson,Michael Price,17,12,368,9.51,6.5
The Seemingly Never-Ending Story,2006-03-12,Raymond S. Persi,Ian Maxtone-Graham,17,13,369,9.72,7.6
Bart Has Two Mommies,2006-03-19,Michael Marcantel,Dana Gould,17,14,370,8.75,7.0
"Homer Simpson, This Is Your Wife",2006-03-26,Matthew Nastuk,Ricky Gervais,17,15,371,10.09,6.5
Million Dollar Abie,2006-04-02,Steven Dean Moore,Tim Long,17,16,372,7.83,6.3
"Kiss Kiss, Bang Bangalore",2006-04-09,Mark Kirkland,Deb Lacusta & Dan Castellaneta,17,17,373,8.2,7.2
The Wettest Stories Ever Told,2006-04-23,Mike B. Anderson,Jeff Westbrook,17,18,374,7.04,6.7
Girls Just Want to Have Sums,2006-04-30,Nancy Kruse,Matt Selman,17,19,375,8.7,7.1
Regarding Margie,2006-05-07,Mike Frank Polcino,Marc Wilmore,17,20,376,8.5,6.7
The Monkey Suit,2006-05-14,Raymond S. Persi,J. Stewart Burns,17,21,377,8.3,7.1
Marge and Homer Turn a Couple Play,2006-05-21,Bob Anderson,Joel H. Cohen,17,22,378,8.23,6.4
"The Mook, the Chef, the Wife and Her Homer",2006-09-10,Michael Marcantel,Bill Odenkirk,18,1,379,11.5,7.6
Jazzy and the Pussycats,2006-09-17,Steven Dean Moore,Daniel Chun,18,2,380,8.94,6.7
"Please Homer, Don't Hammer 'Em",2006-09-24,Mike B. Anderson & Ralph Sosa,Matt Warburton,18,3,381,9.72,6.8
Treehouse of Horror XVII,2006-11-05,David Silverman & Matthew Faughnan,Peter Gaffney,18,4,382,10.43,6.8
G.I. (Annoyed Grunt),2006-11-12,Nancy Kruse,Daniel Chun,18,5,383,11.43,6.8
Moe'N'a Lisa,2006-11-19,Mark Kirkland,Matt Warburton,18,6,384,9.31,6.7
Ice Cream of Margie (with the Light Blue Hair),2006-11-26,Matthew Nastuk,Carolyn Omine,18,7,385,10.9,6.9
The Haw-Hawed Couple,2006-12-10,Chris Clements,Matt Selman,18,8,386,8.29,7.2
"Kill Gil, Volumes I & II",2006-12-17,Bob Anderson,Jeff Westbrook,18,9,387,8.96,6.3
The Wife Aquatic,2007-01-07,Lance Kramer,Kevin Curran,18,10,388,13.9,6.5
Revenge Is a Dish Best Served Three Times,2007-01-28,Mike Frank Polcino,Joel H. Cohen,18,11,389,8.09,7.0
Little Big Girl,2007-02-11,Raymond S. Persi,Don Payne,18,12,390,8.27,6.7
Springfield Up,2007-02-18,Chuck Sheetz,Matt Warburton,18,13,391,8.8,7.3
Yokel Chords,2007-03-04,Susie Dietter,Michael Price,18,14,392,9.09,6.8
Rome-Old and Juli-Eh,2007-03-11,Nancy Kruse,Daniel Chun,18,15,393,8.98,6.3
Homerazzi,2007-03-25,Matthew Nastuk,J. Stewart Burns,18,16,394,6.91,7.1
Marge Gamer,2007-04-22,Bob Anderson,J. Stewart Burns,18,17,395,6.4,7.3
The Boys of Bummer,2007-04-29,Rob Oliver,Michael Price,18,18,396,7.57,6.0
Crook and Ladder,2007-05-06,Lance Kramer,Bill Odenkirk,18,19,397,7.72,6.9
Stop Or My Dog Will Shoot!,2007-05-13,Matthew Faughnan,John Frink,18,20,398,6.48,6.8
24 Minutes,2007-05-20,Raymond S. Persi,Billy Kimball & Ian Maxtone-Graham,18,21,399,9.8,8.1
You Kent Always Say What You Want,2007-05-20,Matthew Nastuk,Tim Long,18,22,400,9.8,7.2
He Loves to Fly and He D'ohs,2007-09-23,Mark Kirkland,Joel H. Cohen,19,1,401,9.7,6.6
The Homer of Seville,2007-09-30,Mike Frank Polcino,Carolyn Omine,19,2,402,8.4,6.5
Midnight Towboy,2007-10-07,Matthew Nastuk,Stephanie Gillis,19,3,403,7.7,7.1
I Don't Wanna Know Why the Caged Bird Sings,2007-10-14,Bob Anderson,Dana Gould,19,4,404,8.8,6.7
Treehouse of Horror XVIII,2007-11-04,Chuck Sheetz,Marc Wilmore,19,5,405,11.7,6.9
Little Orphan Millie,2007-11-11,Lance Kramer,Mick Kelly,19,6,406,10.57,6.6
Husbands and Knives,2007-11-18,Nancy Kruse,Matt Selman,19,7,407,10.5,6.9
Funeral for a Fiend,2007-11-25,Rob Oliver,Michael Price,19,8,408,9.0,7.1
Eternal Moonshine of the Simpson Mind,2007-12-16,Chuck Sheetz,J. Stewart Burns,19,9,409,10.15,8.2
E Pluribus Wiggum,2008-01-06,Mike Frank Polcino,Michael Price,19,10,410,8.2,6.8
That '90s Show,2008-01-27,Mark Kirkland,Matt Selman,19,11,411,7.6,6.3
"Love, Springfieldian Style",2008-02-17,Raymond S. Persi,Don Payne,19,12,412,7.81,6.5
The Debarted,2008-03-02,Matthew Nastuk,Joel H. Cohen,19,13,413,8.18,7.6
Dial 'N' for Nerder,2008-03-09,Bob Anderson,Carolyn Omine & William Wright,19,14,414,7.3,7.4
Smoke on the Daughter,2008-03-30,Lance Kramer,Billy Kimball,19,15,415,7.1,6.6
Papa Don't Leech,2008-04-13,Chris Clements,Reid Harrison,19,16,416,6.9,6.1
Apocalypse Cow,2008-04-27,Nancy Kruse,Jeff Westbrook,19,17,417,7.69,6.8
Any Given Sundance,2008-05-04,Chuck Sheetz,Daniel Chun,19,18,418,6.18,7.0
Mona Leaves-a,2008-05-11,Mike B. Anderson & Ralph Sosa,Joel H. Cohen,19,19,419,6.02,7.0
All About Lisa,2008-05-18,Steven Dean Moore,John Frink,19,20,420,6.11,6.4
"Sex, Pies and Idiot Scrapes",2008-09-28,Lance Kramer,Kevin Curran,20,1,421,9.3,7.2
Lost Verizon,2008-10-05,Raymond S. Persi,John Frink,20,2,422,7.43,6.8
"Double, Double, Boy in Trouble",2008-10-26,Nancy Kruse,Bill Odenkirk,20,3,423,,6.9
Treehouse of Horror XIX,2008-11-02,Bob Anderson,Matt Warburton,20,4,424,12.48,7.1
Dangerous Curves,2008-11-09,Matthew Faughnan,Billy Kimball & Ian Maxtone-Graham,20,5,425,8.16,6.6
Homer and Lisa Exchange Cross Words,2008-11-16,Nancy Kruse,Tim Long,20,6,426,8.52,7.0
MyPods and Boomsticks,2008-11-30,Steven Dean Moore,Marc Wilmore,20,7,427,7.8,7.1
The Burns and the Bees,2008-12-07,Mark Kirkland,Stephanie Gillis,20,8,428,6.19,6.5
Lisa the Drama Queen,2009-01-25,Matthew Nastuk,Brian Kelley,20,9,429,5.75,6.0
"Take My Life, Please",2009-02-15,Steven Dean Moore,Don Payne,20,10,430,6.82,6.9
How the Test Was Won,2009-03-01,Lance Kramer,Michael Price,20,11,431,6.52,7.0
"No Loan Again, Naturally",2009-03-08,Mark Kirkland,Jeff Westbrook,20,12,432,5.99,6.8
Gone Maggie Gone,2009-03-15,Chris Clements,Billy Kimball & Ian Maxtone-Graham,20,13,433,5.99,7.2
In the Name of the Grandfather,2009-03-22,Ralph Sosa,Matt Marshall,20,14,434,6.15,6.3
Wedding for Disaster,2009-03-29,Chuck Sheetz,Joel H. Cohen,20,15,435,6.58,6.6
Eeny Teeny Maya Moe,2009-04-05,Nancy Kruse,John Frink,20,16,436,6.5,7.2
"The Good, the Sad and the Drugly",2009-04-19,Rob Oliver,Marc Wilmore,20,17,437,6.5,7.2
Father Knows Worst,2009-04-26,Matthew Nastuk,Rob LaZebnik,20,18,438,5.94,6.9
"Waverly Hills, 9-0-2-1-D'oh",2009-05-03,Mike Frank Polcino,J. Stewart Burns,20,19,439,6.75,7.1
Four Great Women and a Manicure,2009-05-10,Raymond S. Persi,Valentina L. Garza,20,20,440,5.16,6.4
Coming to Homerica,2009-05-17,Steven Dean Moore,Brendan Hay,20,21,441,5.86,7.3
Homer the Whopper,2009-09-27,Lance Kramer,Seth Rogen & Evan Goldberg,21,1,442,8.31,7.1
Bart Gets a 'Z',2009-10-04,Mark Kirkland,Matt Selman,21,2,443,9.32,6.6
The Great Wife Hope,2009-10-11,Matthew Faughnan,Carolyn Omine,21,3,444,7.5,6.3
Treehouse of Horror XX,2009-10-18,Mike B. Anderson & Matthew Schofield,Daniel Chun,21,4,445,8.59,7.3
The Devil Wears Nada,2009-11-15,Nancy Kruse,Tim Long,21,5,446,9.04,6.7
Pranks and Greens,2009-11-22,Chuck Sheetz,Jeff Westbrook,21,6,447,7.03,6.6
Rednecks and Broomsticks,2009-11-29,Bob Anderson & Rob Oliver,Kevin Curran,21,7,448,9.02,6.7
"O Brother, Where Bart Thou?",2009-12-13,Steven Dean Moore,Matt Selman,21,8,449,7.11,7.1
Thursdays with Abie,2010-01-03,Mike Frank Polcino,Don Payne & Mitchell H. Glazer,21,9,450,8.65,6.7
Once Upon a Time in Springfield,2010-01-10,Matthew Nastuk,Stephanie Gillis,21,10,451,14.62,6.5
Million Dollar Maybe,2010-01-31,Chris Clements,Bill Odenkirk,21,11,452,5.11,7.1
Boy Meets Curl,2010-02-14,Chuck Sheetz,Rob LaZebnik,21,12,453,5.87,6.8
The Color Yellow,2010-02-21,Raymond S. Persi,Billy Kimball & Ian Maxtone-Graham,21,13,454,6.08,6.6
Postcards from the Wedge,2010-03-14,Mark Kirkland,Brian Kelley,21,14,455,5.23,7.0
Stealing First Base,2010-03-21,Steven Dean Moore,John Frink,21,15,456,5.69,7.0
The Greatest Story Ever D'ohed,2010-03-28,Mike Frank Polcino,Kevin Curran,21,16,457,5.69,5.7
American History X-cellent,2010-04-11,Bob Anderson,Michael Price,21,17,458,5.65,6.5
Chief of Hearts,2010-04-18,Chris Clements,Carolyn Omine & William Wright,21,18,459,5.93,6.8
The Squirt and the Whale,2010-04-25,Lance Kramer,Matt Warburton,21,19,460,5.94,6.8
To Surveil with Love,2010-05-02,Mark Kirkland,Michael Nobori,21,20,461,6.06,7.1
Moe Letter Blues,2010-05-09,Matthew Nastuk,Stephanie Gillis,21,21,462,5.66,7.0
The Bob Next Door,2010-05-16,Nancy Kruse,John Frink,21,22,463,6.26,7.3
Judge Me Tender,2010-05-23,Steven Dean Moore,Dan Greaney & Allen Glazier,21,23,464,5.74,6.5
Elementary School Musical,2010-09-26,Mark Kirkland,Tim Long,22,1,465,7.75,6.2
Loan-a Lisa,2010-10-03,Matthew Faughnan,Valentina L. Garza,22,2,466,8.59,6.7
MoneyBart,2010-10-10,Nancy Kruse,Tim Long,22,3,467,6.72,6.7
Treehouse of Horror XXI,2010-11-07,Bob Anderson,Joel H. Cohen,22,4,468,8.19,7.1
"Lisa Simpson, This Isn't Your Life",2010-11-14,Matthew Nastuk,Joel H. Cohen,22,5,469,8.97,7.2
The Fool Monty,2010-11-21,Steven Dean Moore,Michael Price,22,6,470,6.58,6.4
How Munched Is That Birdie in the Window?,2010-11-28,Mike Frank Polcino,Kevin Curran,22,7,471,9.38,6.3
The Fight Before Christmas,2010-12-05,Bob Anderson & Matthew Schofield,Deb Lacusta & Dan Castellaneta,22,8,472,9.54,6.7
Donnie Fatso,2010-12-12,Ralph Sosa,Chris Cluess,22,9,473,7.18,7.0
Moms I'd Like to Forget,2011-01-09,Chris Clements,Brian Kelley,22,10,474,12.6,6.3
Flaming Moe,2011-01-16,Chuck Sheetz,Matt Selman,22,11,475,6.47,6.7
Homer the Father,2011-01-23,Mark Kirkland,Joel H. Cohen,22,12,476,6.5,6.9
The Blue and the Gray,2011-02-13,Bob Anderson,Rob LaZebnik,22,13,477,5.61,6.7
Angry Dad: The Movie,2011-02-20,Matthew Nastuk,John Frink,22,14,478,6.35,7.2
The Scorpion's Tale,2011-03-06,Matthew Schofield,Billy Kimball & Ian Maxtone-Graham,22,15,479,6.2,6.6
A Midsummer's Nice Dream,2011-03-13,Steven Dean Moore,Deb Lacusta & Dan Castellaneta,22,16,480,5.44,6.0
Love Is a Many Strangled Thing,2011-03-27,Mike Frank Polcino,Bill Odenkirk,22,17,481,6.14,6.2
The Great Simpsina,2011-04-10,Chris Clements,Matt Warburton,22,18,482,5.0,6.8
The Real Housewives of Fat Tony,2011-05-01,Lance Kramer,Dick Blasucci,22,19,483,6.1,6.5
Homer Scissorhands,2011-05-08,Mark Kirkland,Peter Gaffney & Steve Viksten,22,20,484,5.48,7.1
500 Keys,2011-05-15,Bob Anderson,John Frink,22,21,485,6.0,7.3
The Ned-Liest Catch,2011-05-22,Chuck Sheetz,Jeff Westbrook,22,22,486,5.25,7.0
The Falcon and the D'ohman,2011-09-25,Matthew Nastuk,Justin Hurwitz,23,1,487,8.08,7.1
Bart Stops to Smell the Roosevelts,2011-10-02,Steven Dean Moore,Tim Long,23,2,488,6.19,7.0
Treehouse of Horror XXII,2011-10-30,Matthew Faughnan,Carolyn Omine,23,3,489,8.1,6.4
Replaceable You,2011-11-06,Mark Kirkland,Stephanie Gillis,23,4,490,7.97,6.4
The Food Wife,2011-11-13,Timothy Bailey,Matt Selman,23,5,491,7.5,7.1
The Book Job,2011-11-20,Bob Anderson,Dan Vebber,23,6,492,5.77,7.9
The Man in the Blue Flannel Pants,2011-11-27,Steven Dean Moore,Jeff Westbrook,23,7,493,5.61,6.6
The Ten-Per-Cent Solution,2011-12-04,Mike Frank Polcino,Deb Lacusta & Dan Castellaneta,23,8,494,9.01,6.1
Holidays of Future Passed,2011-12-11,Rob Oliver,J. Stewart Burns,23,9,495,6.43,8.3
"Politically Inept, with Homer Simpson",2012-01-08,Mark Kirkland,John Frink,23,10,496,5.07,6.0
The D'oh-cial Network,2012-01-15,Chris Clements,J. Stewart Burns,23,11,497,11.48,6.9
Moe Goes from Rags to Riches,2012-01-29,Bob Anderson,Tim Long,23,12,498,5.12,5.8
The Daughter Also Rises,2012-02-12,Chuck Sheetz,Rob LaZebnik,23,13,499,4.26,6.3
At Long Last Leave,2012-02-19,Matthew Nastuk,Michael Price,23,14,500,5.77,6.9
Exit Through the Kwik-E-Mart,2012-03-04,Steven Dean Moore,Marc Wilmore,23,15,501,5.09,6.8
How I Wet Your Mother,2012-03-11,Lance Kramer,Billy Kimball & Ian Maxtone-Graham,23,16,502,4.97,7.2
"Them, Robot",2012-03-18,Mike Frank Polcino,Michael Price,23,17,503,5.25,6.9
Beware My Cheating Bart,2012-04-15,Mark Kirkland,Ben Joseph,23,18,504,4.86,7.1
A Totally Fun Thing That Bart Will Never Do Again,2012-04-29,Chris Clements,Matt Warburton,23,19,505,5.0,7.6
The Spy Who Learned Me,2012-05-06,Bob Anderson,Marc Wilmore,23,20,506,4.84,6.8
Ned 'n' Edna's Blend Agenda,2012-05-13,Chuck Sheetz,Jeff Westbrook,23,21,507,4.07,6.6
Lisa Goes Gaga,2012-05-20,Matthew Schofield,Tim Long,23,22,508,4.82,4.0
Moonshine River,2012-09-30,Bob Anderson,Tim Long,24,1,509,8.08,6.3
Treehouse of Horror XXIII,2012-10-07,Steven Dean Moore,David Mandel & Brian Kelley,24,2,510,6.57,7.2
Adventures in Baby-Getting,2012-11-04,Rob Oliver,Bill Odenkirk,24,3,511,5.65,6.8
Gone Abie Gone,2012-11-11,Matthew Nastuk,Joel H. Cohen,24,4,512,6.86,6.7
Penny-Wiseguys,2012-11-18,Mark Kirkland,Michael Price,24,5,513,5.06,6.3
A Tree Grows in Springfield,2012-11-25,Timothy Bailey,Stephanie Gillis,24,6,514,7.46,6.3
The Day the Earth Stood Cool,2012-12-09,Matthew Faughnan,Matt Selman,24,7,515,7.44,6.9
To Cur with Love,2012-12-16,Steven Dean Moore,Carolyn Omine,24,8,516,3.77,7.2
Homer Goes to Prep School,2013-01-06,Mark Kirkland,Brian Kelley,24,9,517,8.97,6.7
A Test Before Trying,2013-01-13,Chris Clements,Joel H. Cohen,24,10,518,5.04,6.9
The Changing of the Guardian,2013-01-27,Bob Anderson,Rob LaZebnik,24,11,519,5.23,6.4
Love Is a Many-Splintered Thing,2013-02-10,Mike Frank Polcino,Tim Long,24,12,520,4.19,6.2
Hardly Kirk-ing,2013-02-17,Matthew Nastuk,Tom Gammill & Max Pross,24,13,521,4.57,7.0
Gorgeous Grampa,2013-03-03,Chuck Sheetz,Matt Selman,24,14,522,4.66,6.2
"Black Eyed, Please",2013-03-10,Matthew Schofield,John Frink,24,15,523,4.85,6.9
Dark Knight Court,2013-03-17,Mark Kirkland,Billy Kimball & Ian Maxtone-Graham,24,16,524,4.89,7.1
What Animated Women Want,2013-04-14,Steven Dean Moore,J. Stewart Burns,24,17,525,4.11,6.4
Pulpit Friction,2013-04-28,Chris Clements,Bill Odenkirk,24,18,526,4.54,6.4
Whiskey Business,2013-05-05,Matthew Nastuk,Valentina L. Garza,24,19,527,4.43,6.7
The Fabulous Faker Boy,2013-05-12,Bob Anderson,Brian McConnachie,24,20,528,4.16,6.2
The Saga of Carl,2013-05-19,Chuck Sheetz,Eric Kaplan,24,21,529,4.01,7.0
Dangers on a Train,2013-05-19,Steven Dean Moore,Michael Price,24,22,530,4.52,7.0
Homerland,2013-09-29,Bob Anderson,Stephanie Gillis,25,1,531,6.37,6.9
Treehouse of Horror XXIV,2013-10-06,Rob Oliver,Jeff Westbrook,25,2,532,6.42,6.9
Four Regrettings and a Funeral,2013-11-03,Mark Kirkland,Marc Wilmore,25,3,533,5.43,6.4
YOLO,2013-11-10,Mike Frank Polcino,Michael Nobori,25,4,534,4.2,6.5
Labor Pains,2013-11-17,Matthew Faughnan,Don Payne & Mitchell H. Glazer,25,5,535,4.08,6.8
The Kid Is All Right,2013-11-24,Mark Kirkland,Tim Long,25,6,536,6.78,6.4
Yellow Subterfuge,2013-12-08,Bob Anderson,Joel H. Cohen,25,7,537,6.85,6.7
White Christmas Blues,2013-12-15,Steven Dean Moore,Don Payne,25,8,538,8.48,6.4
Steal This Episode,2014-01-05,Matthew Nastuk,J. Stewart Burns,25,9,539,12.04,7.7
Married to the Blob,2014-01-12,Chris Clements,Tim Long,25,10,540,4.83,6.9
Specs and the City,2014-01-26,Lance Kramer,Brian Kelley,25,11,541,3.87,7.1
Diggs,2014-03-09,Mike Frank Polcino,Dan Greaney & Allen Glazier,25,12,542,2.69,6.3
The Man Who Grew Too Much,2014-03-09,Matthew Schofield,Jeff Westbrook,25,13,543,3.75,6.6
The Winter of His Content,2014-03-16,Chuck Sheetz,Kevin Curran,25,14,544,4.02,6.6
The War of Art,2014-03-23,Steven Dean Moore,Rob LaZebnik,25,15,545,3.98,6.9
You Don't Have to Live Like a Referee,2014-03-30,Mark Kirkland,Michael Price,25,16,546,3.91,6.7
Luca$,2014-04-06,Chris Clements,Carolyn Omine,25,17,547,4.3,6.3
Days of Future Future,2014-04-13,Bob Anderson,J. Stewart Burns,25,18,548,3.64,7.0
What to Expect When Bart's Expecting,2014-04-27,Matthew Nastuk,John Frink,25,19,549,3.45,5.8
Brick Like Me,2014-05-04,Matthew Nastuk,Brian Kelley,25,20,550,4.39,7.9
Pay Pal,2014-05-11,Mike Frank Polcino,David H. Steinberg,25,21,551,3.66,6.5
The Yellow Badge of Cowardge,2014-05-18,Timothy Bailey,Billy Kimball & Ian Maxtone-Graham,25,22,552,3.28,6.6
Clown in the Dumps,2014-09-28,Steven Dean Moore,Joel H. Cohen,26,1,553,8.53,5.7
The Wreck of the Relationship,2014-10-05,Chuck Sheetz,Jeff Westbrook,26,2,554,4.27,6.7
Super Franchise Me,2014-10-12,Mark Kirkland,Bill Odenkirk,26,3,555,7.33,6.4
Treehouse of Horror XXV,2014-10-19,Matthew Faughnan,Stephanie Gillis,26,4,556,7.76,7.4
Opposites A-Frack,2014-11-02,Matthew Nastuk,Valentina L. Garza,26,5,557,4.22,6.3
Simpsorama,2014-11-09,Bob Anderson,J. Stewart Burns,26,6,558,6.7,7.9
Blazed and Confused,2014-11-16,Rob Oliver,Carolyn Omine & William Wright,26,7,559,6.7,6.8
Covercraft,2014-11-23,Steven Dean Moore,Matt Selman,26,8,560,3.45,6.4
I Won't Be Home for Christmas,2014-12-07,Mark Kirkland,Al Jean,26,9,561,6.52,6.8
The Man Who Came to Be Dinner,2015-01-04,David Silverman,Al Jean & David Mirkin,26,10,562,10.62,6.6
Bart's New Friend,2015-01-11,Bob Anderson,Judd Apatow,26,11,563,4.28,7.1
The Musk Who Fell to Earth,2015-01-25,Matthew Nastuk,Neil Campbell,26,12,564,3.29,5.5
Walking Big & Tall,2015-02-08,Chris Clements,Michael Price,26,13,565,2.78,6.2
My Fare Lady,2015-02-15,Mike Frank Polcino,Marc Wilmore,26,14,566,2.67,6.5
The Princess Guide,2015-03-01,Timothy Bailey,Brian Kelley,26,15,567,3.93,6.4
Sky Police,2015-03-08,Rob Oliver,Matt Selman,26,16,568,3.79,6.7
Waiting for Duffman,2015-03-15,Steven Dean Moore,John Frink,26,17,569,3.59,6.6
Peeping Mom,2015-04-19,Mark Kirkland,John Frink,26,18,570,3.23,6.6
The Kids Are All Fight,2015-04-26,Bob Anderson,Rob LaZebnik,26,19,571,3.33,6.7
Let's Go Fly a Coot,2015-05-03,Chris Clements,Jeff Westbrook,26,20,572,3.12,6.0
Bull-E,2015-05-10,Lance Kramer,Tim Long,26,21,573,2.77,6.5
Mathlete's Feat,2015-05-17,Mike Frank Polcino,Michael Price,26,22,574,2.82,6.7
Every Man's Dream,2015-09-27,Matthew Nastuk,J. Stewart Burns,27,1,575,3.28,5.7
Cue Detective,2015-10-04,Timothy Bailey,Joel H. Cohen,27,2,576,6.02,6.5
Puffless,2015-10-11,Rob Oliver,J. Stewart Burns,27,3,577,3.31,6.9
Halloween of Horror,2015-10-18,Mike B. Anderson,Carolyn Omine,27,4,578,3.69,7.5
Treehouse of Horror XXVI,2015-10-25,Steven Dean Moore,Joel H. Cohen,27,5,579,6.75,6.5
Friend with Benefit,2015-11-08,Matthew Faughnan,Rob LaZebnik,27,6,580,3.48,6.6
Lisa with an 'S',2015-11-22,Bob Anderson,Stephanie Gillis,27,7,581,5.64,5.9
Paths of Glory,2015-12-06,Steven Dean Moore,Michael Ferris,27,8,582,5.53,6.7
Barthood,2015-12-13,Rob Oliver,Dan Greaney,27,9,583,5.97,8.4
The Girl Code,2016-01-03,Chris Clements,Rob LaZebnik,27,10,584,4.41,6.5
Teenage Mutant Milk-Caused Hurdles,2016-01-10,Timothy Bailey,Joel H. Cohen,27,11,585,8.33,6.5
Much Apu About Something,2016-01-17,Bob Anderson,Michael Price,27,12,586,3.95,6.5
Love Is in the N2-O2-Ar-CO2-Ne-He-CH4,2016-02-14,Mark Kirkland,John Frink,27,13,587,2.89,6.3
Gal of Constant Sorrow,2016-02-21,Matthew Nastuk,Carolyn Omine,27,14,588,3.1,6.4
Lisa the Veterinarian,2016-03-06,Steven Dean Moore,Dan Vebber,27,15,589,3.09,6.3
The Marge-ian Chronicles,2016-03-13,Chris Clements,Brian Kelley,27,16,590,3.07,7.0
The Burns Cage,2016-04-03,Rob Oliver,Rob LaZebnik,27,17,591,2.32,6.3
How Lisa Got Her Marge Back,2016-04-10,Bob Anderson,Jeff Martin,27,18,592,2.55,6.2
Fland Canyon,2016-04-24,Mike Frank Polcino,J. Stewart Burns,27,19,593,2.77,7.1
To Courier with Love,2016-05-08,Timothy Bailey,Bill Odenkirk,27,20,594,2.52,6.6
Simprovised,2016-05-15,Matthew Nastuk,John Frink,27,21,595,2.8,6.2
Orange Is the New Yellow,2016-05-22,Matthew Faughnan,Eric Horsted,27,22,596,2.54,6.6
Monty Burns' Fleeing Circus,2016-09-25,Matthew Nastuk,Tom Gammill & Max Pross,28,1,597,3.36,6.1
Friends and Family,2016-10-02,Lance Kramer,J. Stewart Burns,28,2,598,6.0,6.6
The Town,2016-10-09,Rob Oliver,Dave King,28,3,599,3.22,7.0
Treehouse of Horror XXVII,2016-10-16,Steven Dean Moore,Joel H. Cohen,28,4,600,7.44,6.8
Trust but Clarify,2016-10-23,Mike Frank Polcino,Harry Shearer,28,5,601,3.36,6.3
There Will Be Buds,2016-11-06,Matthew Faughnan,Matt Selman,28,6,602,3.14,6.6
Havana Wild Weekend,2016-11-13,Bob Anderson,"Deb Lacusta, Dan Castellaneta & Peter Tilden",28,7,603,7.13,6.2
Dad Behavior,2016-11-20,Steven Dean Moore,Ryan Koh,28,8,604,2.88,6.5
The Last Traction Hero,2016-12-04,Bob Anderson,Bill Odenkirk,28,9,605,5.77,6.3
The Nightmare After Krustmas,2016-12-11,Rob Oliver,Jeff Westbrook,28,10,606,5.6,5.9
Pork and Burns,2017-01-08,Matthew Nastuk,Rob LaZebnik,28,11,607,8.19,6.7
"The Great Phatsby"" (Vol. I & Vol. II) ",2017-01-15,Chris Clements,Dan GreaneyMatt Selman (part 2 only),28,12,608,6.9,6.1
Fatzcarraldo,2017-02-12,Mark Kirkland,Michael Price,28,14,610,2.4,6.3
The Cad and the Hat,2017-02-19,Steven Dean Moore,Ron Zimmerman,28,15,611,2.44,6.4
Kamp Krustier,2017-03-05,Rob Oliver,David M. Stern,28,16,612,2.56,6.5
22 for 30,2017-03-12,Chris Clements,Joel H. Cohen,28,17,613,2.61,6.5
A Father's Watch,2017-03-19,Bob Anderson,Simon Rich,28,18,614,2.4,6.7
The Caper Chase,2017-04-02,Lance Kramer,Jeff Westbrook,28,19,615,2.13,6.1
Looking for Mr. Goodbart,2017-04-30,Mike Frank Polcino,Carolyn Omine,28,20,616,2.3,6.8
Moho House,2017-05-07,Matthew Nastuk,Jeff Martin,28,21,617,2.34,6.1
Dogtown,2017-05-21,Steven Dean Moore,J. Stewart Burns,28,22,618,2.15,6.4
The Serfsons,2017-10-01,Rob Oliver,Brian Kelley,29,1,619,3.26,6.8
Springfield Splendor,2017-10-08,Matthew Faughnan,Tim Long & Miranda Thompson,29,2,620,5.25,6.6
Whistler's Father,2017-10-15,Matthew Faughnan,Tom Gammill & Max Pross,29,3,621,2.91,6.1
Treehouse of Horror XXVIII,2017-10-22,Timothy Bailey,John Frink,29,4,622,3.66,7.1
Grampy Can Ya Hear Me,2017-11-05,Bob Anderson,Bill Odenkirk,29,5,623,2.86,6.4
The Old Blue Mayor She Ain't What She Used to Be,2017-11-12,Matthew Nastuk,Tom Gammill & Max Pross,29,6,624,4.75,6.3
Singin' in the Lane,2017-11-19,Mike Frank Polcino,Ryan Koh,29,7,625,2.67,6.4
Mr. Lisa's Opus,2017-12-03,Steven Dean Moore,Al Jean,29,8,626,4.28,6.8
Gone Boy,2017-12-10,Rob Oliver,John Frink,29,9,627,6.06,7.2
Haw-Haw Land,2018-01-07,Bob Anderson,Tim Long & Miranda Thompson,29,10,628,6.95,6.5
Frink Gets Testy,2018-01-14,Chris Clements,Dan Vebber,29,11,629,8.04,6.2
Homer Is Where the Art Isn't,2018-03-18,Timothy Bailey,Kevin Curran,29,12,630,2.1,6.7
3 Scenes Plus a Tag from a Marriage,2018-03-25,Matthew Nastuk,Tom Gammill & Max Pross,29,13,631,2.15,6.6
Fears of a Clown,2018-04-01,Steven Dean Moore,Michael Price,29,14,632,2.06,6.0
No Good Read Goes Unpunished,2018-04-08,Mark Kirkland,Jeff Westbrook,29,15,633,2.15,6.3
King Leer,2018-04-15,Chris Clements,Daniel Furlong & Zach Posner,29,16,634,2.26,6.3
Lisa Gets the Blues,2018-04-22,Bob Anderson,David Silverman & Brian Kelley,29,17,635,2.19,6.7
Forgive and Regret,2018-04-29,Rob Oliver,Bill Odenkirk,29,18,636,2.47,7.0
Left Behind,2018-05-06,Lance Kramer,Story by : Al JeanTeleplay by : Joel H. Cohen & John Frink,29,19,637,2.15,6.6
Throw Grampa from the Dane,2018-05-13,Mike Frank Polcino,Rob LaZebnik,29,20,638,2.14,6.7
Flanders' Ladder,2018-05-20,Matthew Nastuk,J. Stewart Burns,29,21,639,2.1,7.6
Bart's Not Dead,2018-09-30,Bob Anderson,Stephanie Gillis,30,1,640,3.24,6.3
Heartbreak Hotel,2018-10-07,Steven Dean Moore,Renee Ridgeley & Matt Selman,30,2,641,4.6,6.1
My Way or the Highway to Heaven,2018-10-14,Rob Oliver,"Dan Castellaneta, Deb Lacusta & Vince Waldron",30,3,642,2.52,6.2
Treehouse of Horror XXIX,2018-10-21,Matthew Faughnan,Joel H. Cohen,30,4,643,2.95,6.0
Baby You Can't Drive My Car,2018-11-04,Timothy Bailey,Rob LaZebnik,30,5,644,5.08,7.0
From Russia Without Love,2018-11-11,Matthew Nastuk,Michael Ferris,30,6,645,2.35,6.5
Werking Mom,2018-11-18,Mike Frank Polcino,Carolyn Omine & Robin Sayers,30,7,646,4.34,5.8
Krusty the Clown,2018-11-25,Matthew Faughnan,Ryan Koh,30,8,647,2.11,6.5
Daddicus Finch,2018-12-02,Steven Dean Moore,Al Jean,30,9,648,4.33,6.8
'Tis the 30th Season,2018-12-09,Lance Kramer,Story by : Jeff WestbrookTeleplay by : John Frink & Joel H. Cohen,30,10,649,7.53,6.7
Mad About the Toy,2019-01-06,Rob Oliver,Michael Price,30,11,650,2.33,6.0
The Girl on the Bus,2019-01-13,Chris Clements,Joel H. Cohen,30,12,651,8.2,6.5
I'm Dancing as Fat as I Can,2019-02-10,Matthew Nastuk,Jane Becker,30,13,652,1.75,6.8
The Clown Stays in the Picture,2019-02-17,Timothy Bailey,Matt Selman,30,14,653,2.75,6.2
101 Mitigations,2019-03-03,Mark Kirkland,Story by : Rob LaZebnikTeleplay by : Brian Kelley & Dan Vebber,30,15,654,2.25,6.4
I Want You (She's So Heavy),2019-03-10,Steven Dean Moore,Jeff Westbrook,30,16,655,2.21,5.8
E My Sports,2019-03-17,Rob Oliver,Rob LaZebnik,30,17,656,2.08,6.4
Bart vs. Itchy & Scratchy,2019-03-24,Chris Clements,Megan Amram,30,18,657,1.99,5.0
Girl's in the Band,2019-03-31,Jennifer Moeller,Nancy Cartwright,30,19,658,2.07,6.4
I'm Just a Girl Who Can't Say D'oh,2019-04-07,Mike Frank Polcino,Jeff Martin & Jenna Martin,30,20,659,1.61,5.6
D'oh Canada,2019-04-28,Matthew Nastuk,Tim Long & Miranda Thompson,30,21,660,1.93,5.8
Woo-Hoo Dunnit?,2019-05-05,Steven Dean Moore,Brian Kelley,30,22,661,1.79,6.2
Crystal Blue-Haired Persuasion,2019-05-12,Matthew Faughnan,Megan Amram,30,23,662,1.5,6.1
The Winter of Our Monetized Content,2019-09-29,Bob Anderson,Ryan Koh,31,1,663,2.33,5.9
Go Big or Go Homer,2019-10-06,Matthew Faughnan,John Frink,31,2,664,5.63,6.0
The Fat Blue Line,2019-10-13,Mike Frank Polcino,Bill Odenkirk,31,3,665,2.13,6.5
Treehouse of Horror XXX,2019-10-20,Timothy Bailey,J. Stewart Burns,31,4,666,5.42,6.8
Gorillas on the Mast,2019-11-03,Matthew Nastuk,Max Cohn,31,5,667,2.02,6.2
Marge the Lumberjill,2019-11-10,Rob Oliver,Ryan Koh,31,6,668,5.0,5.6
Livin La Pura Vida,2019-11-17,Timothy Bailey,Brian Kelley,31,7,669,2.08,6.5
Thanksgiving of Horror,2019-11-24,Rob Oliver,Dan Vebber,31,8,670,5.42,7.3
"Todd, Todd, Why Hast Thou Forsaken Me?",2019-12-01,Chris Clements,Tim Long & Miranda Thompson,31,9,671,1.99,6.5
"Bobby, It's Cold Outside",2019-12-15,Steven Dean Moore,John Frink & Jeff Westbrook,31,10,672,4.97,6.5
Hail to the Teeth,2020-01-05,Mark Kirkland,Elisabeth Kiernan Averick,31,11,673,1.81,6.0
The Miseducation of Lisa Simpson,2020-02-16,Matthew Nastuk,J. Stewart Burns,31,12,674,1.95,6.5
Frinkcoin,2020-02-23,Steven Dean Moore,Rob LaZebnik,31,13,675,1.84,6.0
Bart the Bad Guy,2020-03-01,Jennifer Moeller,Dan Vebber,31,14,676,1.66,7.2
Screenless,2020-03-08,Mike Frank Polcino,J. Stewart Burns,31,15,677,1.63,6.5
Better Off Ned,2020-03-15,Rob Oliver,Story by : Al JeanTeleplay by : Joel H. Cohen & Jeff Westbrook,31,16,678,1.7,6.4
Highway to Well,2020-03-22,Chris Clements,Carolyn Omine,31,17,679,1.66,6.9
The Incredible Lightness of Being a Baby,2020-04-19,Bob Anderson,Tom Gammill & Max Pross,31,18,680,1.58,6.4
"Warrin' Priests"" (Parts One and Two) ",2020-04-26,Bob Anderson,Pete Holmes,31,19,681,1.35,6.1
The Hateful Eight-Year-Olds,2020-05-10,Jennifer Moeller,Joel H. Cohen,31,21,683,1.4,5.8
The Way of the Dog,2020-05-17,Matthew Faughnan,Carolyn Omine,31,22,684,1.89,6.5
Undercover Burns,2020-09-27,Bob Anderson,David Cryan,32,1,685,4.44,6.5
"I, Carumbus",2020-10-04,Rob Oliver,Cesar Mazariegos,32,2,686,1.51,6.8
"Now Museum, Now You Don't",2020-10-11,Timothy Bailey,Dan Greaney,32,3,687,1.36,5.8
Treehouse of Horror XXXI,2020-11-01,Steven Dean Moore,Julia Prescott,32,4,688,4.93,6.3
The 7 Beer Itch,2020-11-08,Mike Frank Polcino,Story by : Al JeanTeleplay by : Joel H. Cohen & John Frink,32,5,689,1.74,5.7
Podcast News,2020-11-15,Matthew Faughnan,David X. Cohen,32,6,690,3.5,6.7
Three Dreams Denied,2020-11-22,Steven Dean Moore,Danielle Weisberg,32,7,691,4.41,6.3
The Road to Cincinnati,2020-11-29,Matthew Nastuk,Jeff Westbrook,32,8,692,1.63,6.6
Sorry Not Sorry,2020-12-06,Rob Oliver,Nell Scovell,32,9,693,1.66,6.3
A Springfield Summer Christmas for Christmas,2020-12-13,Timothy Bailey,Jessica Conrad,32,10,694,3.92,6.3
The Dad-Feelings Limited,2021-01-03,Chris Clements,Ryan Koh,32,11,695,1.89,7.1
Diary Queen,2021-02-21,Matthew Nastuk,Jeff Westbrook,32,12,696,1.43,6.9
Wad Goals,2021-02-28,Mike Frank Polcino,Brian Kelley,32,13,697,1.24,6.3
Yokel Hero,2021-03-07,Rob Oliver,Jeff Martin & Samantha Martin,32,14,698,1.38,5.6
Do Pizza Bots Dream of Electric Guitars,2021-03-14,Jennifer Moeller,Michael Price,32,15,699,1.43,5.9
Manger Things,2021-03-21,Steven Dean Moore,Rob LaZebnik,32,16,700,1.28,6.4
Uncut Femmes,2021-03-28,Chris Clements,Christine Nangle,32,17,701,1.22,6.5
Burger Kings,2021-04-11,Lance Kramer,Rob LaZebnik,32,18,702,1.24,6.7
Panic on the Streets of Springfield,2021-04-18,Matthew Nastuk,Tim Long,32,19,703,1.31,6.3
Mother and Child Reunion,2021-05-09,Jennifer Moeller,J. Stewart Burns,32,20,704,1.11,6.7
The Man from G.R.A.M.P.A.,2021-05-16,Mike Frank Polcino,Carolyn Omine,32,21,705,1.06,6.3
The Last Barfighter,2021-05-23,Timothy Bailey,Dan Vebber,32,22,706,1.02,7.4
The Star of the Backstage,2021-09-26,Rob Oliver,Elisabeth Kiernan Averick,33,1,707,3.48,4.4
Bart's in Jail!,2021-10-03,Steven Dean Moore,Nick Dahan,33,2,708,1.48,7.0
Treehouse of Horror XXXII,2021-10-10,Matthew Faughnan,John Frink,33,3,709,3.94,6.7
The Wayz We Were,2021-10-17,Matthew Nastuk,Joel H. Cohen,33,4,710,1.51,6.8
Lisa's Belly,2021-10-24,Timothy Bailey,Juliet Kaufman,33,5,711,1.83,6.8
"A Serious Flanders"" (Parts 1 & 2) ",2021-11-07,Debbie Bruce Mahan,Cesar Mazariegos,33,6,712,3.47,8.2
Portrait of a Lackey on Fire,2021-11-21,Steven Dean Moore,Rob LaZebnik & Johnny LaZebnik,33,8,714,3.97,8.2
Mothers and Other Strangers,2021-11-28,Rob Oliver,Al Jean,33,9,715,3.61,6.2
A Made Maggie,2021-12-19,Timothy Bailey,Elisabeth Kiernan Averick,33,10,716,3.9,6.3
The Longest Marge,2022-01-02,Matthew Nastuk,Brian Kelley,33,11,717,2.02,6.9
Pixelated and Afraid,2022-02-27,Chris Clements,John Frink,33,12,718,1.41,5.8
Boyz N the Highlands,2022-03-06,Bob Anderson,Dan Vebber,33,13,719,1.53,7.7
You Won't Believe What This Episode Is About – Act Three Will Shock You!,2022-03-13,Jennifer Moeller,Christine Nangle,33,14,720,1.14,6.7
Bart the Cool Kid,2022-03-20,Steven Dean Moore,Ryan Koh,33,15,721,1.04,6.5
Pretty Whittle Liar,2022-03-27,Mike Frank Polcino,Joel H. Cohen,33,16,722,1.1,6.4
The Sound of Bleeding Gums,2022-04-10,Chris Clements,Loni Steele Sosthand,33,17,723,0.95,6.2
My Octopus and a Teacher,2022-04-24,Rob Oliver,Carolyn Omine,33,18,724,0.97,5.9
Girls Just Shauna Have Fun,2022-05-01,Matthew Nastuk,Jeff Westbrook,33,19,725,1.03,6.6
Marge the Meanie,2022-05-08,Timothy Bailey,Megan Amram,33,20,726,0.85,6.6
Meat Is Murder,2022-05-15,Bob Anderson,Michael Price,33,21,727,1.0,6.7
Poorhouse Rock,2022-05-22,Jennifer Moeller,Tim Long,33,22,728,0.93,6.0
Habeas Tortoise,2022-09-25,Matthew Faughnan,Broti Gupta,34,1,729,4.15,6.5
One Angry Lisa,2022-10-02,Matthew Nastuk,Jessica Conrad,34,2,730,1.46,6.3
Lisa the Boy Scout,2022-10-09,Timothy Bailey,Dan Greaney,34,3,731,3.43,6.6
The King of Nice,2022-10-16,Debbie Bruce Mahan,Jessica Conrad,34,4,732,1.16,6.5
Not It,2022-10-23,Steven Dean Moore,Cesar Mazariegos,34,5,733,3.63,7.5
Treehouse of Horror XXXIII,2022-10-30,Rob Oliver,Carolyn Omine & Ryan Koh & Matt Selman,34,6,734,3.95,8.3
From Beer to Paternity,2022-11-13,Rob Oliver,Christine Nangle,34,7,735,4.77,6.4
Step Brother from the Same Planet,2022-11-20,Matthew Faughnan,Dan Vebber,34,8,736,1.21,6.5
When Nelson Met Lisa,2022-11-27,Steven Dean Moore,Ryan Koh,34,9,737,1.53,5.9
Game Done Changed,2022-12-04,Timothy Bailey,Ryan Koh,34,10,738,1.16,6.6
Top Goon,2022-12-11,Chris Clements,Joel H. Cohen,34,11,739,3.42,6.8
My Life as a Vlog,2023-01-01,Debbie Bruce Mahan,Jessica Conrad,34,12,740,1.02,5.9
The Many Saints of Springfield,2023-02-19,Bob Anderson,Al Jean,34,13,741,1.37,6.5
Carl Carlson Rides Again,2023-02-26,Mike Frank Polcino,Loni Steele Sosthand,34,14,742,1.18,6.1
Bartless,2023-03-05,Rob Oliver,John Frink,34,15,743,0.93,6.7
Hostile Kirk Place,2023-03-12,Steven Dean Moore,Michael Price,34,16,744,0.77,6.0
Pin Gal,2023-03-19,Chris Clements,Jeff Westbrook,34,17,745,0.86,6.4
Fan-ily Feud,2023-04-23,Timothy Bailey,Broti Gupta,34,18,746,1.0,5.2
Write Off This Episode,2023-04-30,Matthew Nastuk,J. Stewart Burns,34,19,747,0.89,5.8
The Very Hungry Caterpillars,2023-05-07,Gabriel DeFrancesco,Brian Kelley,34,20,748,0.82,6.7
Clown V. Board of Education,2023-05-14,Lance Kramer,Jeff Westbrook,34,21,749,0.77,6.3
Homer's Adventures Through the Windshield Glass,2023-05-21,Bob Anderson,Tim Long,34,22,750,0.87,5.9
